{
  "kind": "collectionType",
  "collectionName": "workouts",
  "info": {
    "name": "Workout",
    "description": ""
  },
  "options": {
    "increments": true,
    "timestamps": true,
    "draftAndPublish": true
  },
  "attributes": {
    "title": {
      "type": "string"
    },
    "duration": {
      "type": "integer"
    },
    "image": {
      "model": "file",
      "via": "related",
      "allowedTypes": [
        "images",
        "files",
        "videos"
      ],
      "plugin": "upload",
      "required": false
    },
    "video_url": {
      "type": "string"
    },
    "categories": {
      "collection": "categories",
      "via": "workouts"
    },
    "description": {
      "type": "richtext"
    }
  }
}
