{
  "kind": "collectionType",
  "collectionName": "nutritions",
  "info": {
    "name": "nutrition",
    "description": ""
  },
  "options": {
    "increments": true,
    "timestamps": true,
    "draftAndPublish": true
  },
  "attributes": {
    "title": {
      "type": "string"
    },
    "duration": {
      "type": "integer"
    },
    "video_url": {
      "type": "string"
    },
    "types": {
      "collection": "type",
      "via": "nutritions",
      "dominant": true
    },
    "description": {
      "type": "richtext"
    },
    "thumbnail": {
      "model": "file",
      "via": "related",
      "allowedTypes": [
        "images",
        "files",
        "videos"
      ],
      "plugin": "upload",
      "required": false
    }
  }
}
